{"v":"5.4.2","fr":25,"ip":0,"op":106,"w":200,"h":150,"nm":"music","ddd":0,"assets":[],"layers":[{"ddd":0,"ind":2,"ty":4,"nm":"L","sr":1,"ks":{"o":{"a":0,"k":100,"ix":11},"r":{"a":1,"k":[{"i":{"x":[0.833],"y":[0.833]},"o":{"x":[0.167],"y":[0.167]},"n":["0p833_0p833_0p167_0p167"],"t":0,"s":[90],"e":[159]},{"i":{"x":[0.833],"y":[0.833]},"o":{"x":[0.167],"y":[0.167]},"n":["0p833_0p833_0p167_0p167"],"t":14,"s":[159],"e":[159]},{"i":{"x":[0.833],"y":[0.833]},"o":{"x":[0.167],"y":[0.167]},"n":["0p833_0p833_0p167_0p167"],"t":38,"s":[159],"e":[344]},{"i":{"x":[0.833],"y":[0.833]},"o":{"x":[0.167],"y":[0.167]},"n":["0p833_0p833_0p167_0p167"],"t":66,"s":[344],"e":[344]},{"i":{"x":[0.833],"y":[0.833]},"o":{"x":[0.167],"y":[0.167]},"n":["0p833_0p833_0p167_0p167"],"t":89,"s":[344],"e":[450]},{"t":105}],"ix":10},"p":{"a":1,"k":[{"i":{"x":0.779,"y":0},"o":{"x":0.166,"y":0},"n":"0p779_0_0p166_0","t":0,"s":[75,55.952,0],"e":[75,93,0],"to":[0,6.17470121383667,0],"ti":[0,0,0]},{"i":{"x":0.833,"y":1},"o":{"x":0.167,"y":0.167},"n":"0p833_1_0p167_0p167","t":14,"s":[75,93,0],"e":[75,92.952,0],"to":[0,0,0],"ti":[0,0.11220099776983,0]},{"i":{"x":0,"y":1},"o":{"x":0.167,"y":0.292},"n":"0_1_0p167_0p292","t":38,"s":[75,92.952,0],"e":[75,55.952,0],"to":[0,-0.11220099776983,0],"ti":[0,-0.17470088601112,0]},{"i":{"x":0.776,"y":0},"o":{"x":0.166,"y":0},"n":"0p776_0_0p166_0","t":52,"s":[75,55.952,0],"e":[75,94,0],"to":[0,0.17470088601112,0],"ti":[0,0,0]},{"i":{"x":0,"y":0},"o":{"x":0.167,"y":0.167},"n":"0_0_0p167_0p167","t":66,"s":[75,94,0],"e":[75,94,0],"to":[0,0,0],"ti":[0,0,0]},{"i":{"x":0,"y":1},"o":{"x":0.167,"y":0.167},"n":"0_1_0p167_0p167","t":89,"s":[75,94,0],"e":[75,55.952,0],"to":[0,0,0],"ti":[0,6.34136772155762,0]},{"t":101}],"ix":2},"a":{"a":0,"k":[0,0,0],"ix":1},"s":{"a":0,"k":[100,100,100],"ix":6}},"ao":0,"shapes":[{"ty":"gr","it":[{"ind":0,"ty":"sh","ix":1,"ks":{"a":1,"k":[{"i":{"x":0.833,"y":0.833},"o":{"x":0.167,"y":0.167},"n":"0p833_0p833_0p167_0p167","t":0,"s":[{"i":[[0,0],[0,0],[0,0],[0,0],[0,0]],"o":[[0,0],[0,0],[0,0],[0,0],[0,0]],"v":[[5,-5],[5,0],[5,5],[-5,5],[-5,-5]],"c":true}],"e":[{"i":[[0,0],[0,0],[0,0],[0,0],[0,0]],"o":[[0,0],[0,0],[0,0],[0,0],[0,0]],"v":[[5,-5],[5,0],[5,5],[-5,5],[-5,-5]],"c":true}]},{"i":{"x":0.833,"y":0.833},"o":{"x":0.167,"y":0.167},"n":"0p833_0p833_0p167_0p167","t":48,"s":[{"i":[[0,0],[0,0],[0,0],[0,0],[0,0]],"o":[[0,0],[0,0],[0,0],[0,0],[0,0]],"v":[[5,-5],[5,0],[5,5],[-5,5],[-5,-5]],"c":true}],"e":[{"i":[[0,0],[0,0],[0,0],[0,0],[0,0]],"o":[[0,0],[0,0],[0,0],[0,0],[0,0]],"v":[[0,-5.277],[5.019,-1.631],[3.102,4.269],[-3.102,4.269],[-5.019,-1.631]],"c":true}]},{"i":{"x":0.833,"y":0.833},"o":{"x":0.167,"y":0.167},"n":"0p833_0p833_0p167_0p167","t":55,"s":[{"i":[[0,0],[0,0],[0,0],[0,0],[0,0]],"o":[[0,0],[0,0],[0,0],[0,0],[0,0]],"v":[[0,-5.277],[5.019,-1.631],[3.102,4.269],[-3.102,4.269],[-5.019,-1.631]],"c":true}],"e":[{"i":[[0,0],[0,0],[0,0],[0,0],[0,0]],"o":[[0,0],[0,0],[0,0],[0,0],[0,0]],"v":[[0,-5.277],[5.019,-1.631],[3.102,4.269],[-3.102,4.269],[-5.019,-1.631]],"c":true}]},{"i":{"x":0.833,"y":0.833},"o":{"x":0.167,"y":0.167},"n":"0p833_0p833_0p167_0p167","t":97,"s":[{"i":[[0,0],[0,0],[0,0],[0,0],[0,0]],"o":[[0,0],[0,0],[0,0],[0,0],[0,0]],"v":[[0,-5.277],[5.019,-1.631],[3.102,4.269],[-3.102,4.269],[-5.019,-1.631]],"c":true}],"e":[{"i":[[0,0],[0,0],[0,0],[0,0],[0,0]],"o":[[0,0],[0,0],[0,0],[0,0],[0,0]],"v":[[5,-5],[5,0],[5,5],[-5,5],[-5,-5]],"c":true}]},{"t":105}],"ix":2},"nm":"Ã¨Â·Â¯Ã¥Â¾Â 1","mn":"ADBE Vector Shape - Group","hd":false},{"ty":"fl","c":{"a":0,"k":[0.211764705882,0.235294117647,0.250980392157,1],"ix":4},"o":{"a":0,"k":100,"ix":5},"r":1,"nm":"Ã¥Â¡Â«Ã¥ÂÂ 1","mn":"ADBE Vector Graphic - Fill","hd":false},{"ty":"tr","p":{"a":0,"k":[0,0],"ix":2},"a":{"a":0,"k":[0,0],"ix":1},"s":{"a":0,"k":[100,100],"ix":3},"r":{"a":0,"k":0,"ix":6},"o":{"a":0,"k":100,"ix":7},"sk":{"a":0,"k":0,"ix":4},"sa":{"a":0,"k":0,"ix":5},"nm":"Ã¥ÂÂÃ¦ÂÂ¢"}],"nm":"Ã§ÂÂ©Ã¥Â½Â¢ 1","np":3,"cix":2,"ix":1,"mn":"ADBE Vector Group","hd":false}],"ip":0,"op":106,"st":0,"bm":0},{"ddd":0,"ind":3,"ty":4,"nm":"R","sr":1,"ks":{"o":{"a":0,"k":100,"ix":11},"r":{"a":1,"k":[{"i":{"x":[0.833],"y":[0.833]},"o":{"x":[0.167],"y":[0.167]},"n":["0p833_0p833_0p167_0p167"],"t":12,"s":[19],"e":[-180]},{"i":{"x":[0.833],"y":[0.833]},"o":{"x":[0.167],"y":[0.167]},"n":["0p833_0p833_0p167_0p167"],"t":40,"s":[-180],"e":[-180]},{"i":{"x":[0.833],"y":[0.833]},"o":{"x":[0.167],"y":[0.167]},"n":["0p833_0p833_0p167_0p167"],"t":64,"s":[-180],"e":[-431]},{"t":91}],"ix":10},"p":{"a":1,"k":[{"i":{"x":0,"y":1},"o":{"x":0.167,"y":0.292},"n":"0_1_0p167_0p292","t":12,"s":[124.995,92.952,0],"e":[124.995,55.952,0],"to":[8.24049664061022e-8,-6.16666698455811,0],"ti":[-8.24049664061022e-8,-0.00803422182798,0]},{"i":{"x":0.779,"y":0},"o":{"x":0.166,"y":0},"n":"0p779_0_0p166_0","t":26,"s":[124.995,55.952,0],"e":[124.995,93,0],"to":[8.24049664061022e-8,0.00803422182798,0],"ti":[0,-6.17470121383667,0]},{"i":{"x":0,"y":0},"o":{"x":0.167,"y":0.167},"n":"0_0_0p167_0p167","t":40,"s":[124.995,93,0],"e":[124.995,93,0],"to":[0,0,0],"ti":[0,0,0]},{"i":{"x":0,"y":1},"o":{"x":0.167,"y":0.167},"n":"0_1_0p167_0p167","t":64,"s":[124.995,93,0],"e":[124.995,56,0],"to":[0,-6.16666650772095,0],"ti":[0,0,0]},{"i":{"x":0.758,"y":0},"o":{"x":0.167,"y":0},"n":"0p758_0_0p167_0","t":78,"s":[124.995,56,0],"e":[124.995,93,0],"to":[0,0,0],"ti":[0,-6.16666650772095,0]},{"t":91}],"ix":2},"a":{"a":0,"k":[0,0,0],"ix":1},"s":{"a":0,"k":[100,100,100],"ix":6}},"ao":0,"shapes":[{"ty":"gr","it":[{"ind":0,"ty":"sh","ix":1,"ks":{"a":1,"k":[{"i":{"x":0.833,"y":0.833},"o":{"x":0.167,"y":0.167},"n":"0p833_0p833_0p167_0p167","t":21,"s":[{"i":[[0,0],[0,0],[0,0],[0,0]],"o":[[0,0],[0,0],[0,0],[0,0]],"v":[[-0.25,-0.25],[-10.25,-0.25],[-10.25,-10.25],[-0.25,-10.25]],"c":true}],"e":[{"i":[[0,-2.761],[2.761,0],[0,2.761],[-2.761,0]],"o":[[0,2.761],[-2.761,0],[0,-2.761],[2.761,0]],"v":[[-0.25,-5.25],[-5.25,-0.25],[-10.25,-5.25],[-5.25,-10.25]],"c":true}]},{"i":{"x":0.833,"y":0.833},"o":{"x":0.167,"y":0.167},"n":"0p833_0p833_0p167_0p167","t":31,"s":[{"i":[[0,-2.761],[2.761,0],[0,2.761],[-2.761,0]],"o":[[0,2.761],[-2.761,0],[0,-2.761],[2.761,0]],"v":[[-0.25,-5.25],[-5.25,-0.25],[-10.25,-5.25],[-5.25,-10.25]],"c":true}],"e":[{"i":[[0,-2.761],[2.761,0],[0,2.761],[-2.761,0]],"o":[[0,2.761],[-2.761,0],[0,-2.761],[2.761,0]],"v":[[-0.25,-5.25],[-5.25,-0.25],[-10.25,-5.25],[-5.25,-10.25]],"c":true}]},{"i":{"x":0.833,"y":0.833},"o":{"x":0.167,"y":0.167},"n":"0p833_0p833_0p167_0p167","t":75,"s":[{"i":[[0,-2.761],[2.761,0],[0,2.761],[-2.761,0]],"o":[[0,2.761],[-2.761,0],[0,-2.761],[2.761,0]],"v":[[-0.25,-5.25],[-5.25,-0.25],[-10.25,-5.25],[-5.25,-10.25]],"c":true}],"e":[{"i":[[0,0],[0,0],[0,0],[0,0]],"o":[[0,0],[0,0],[0,0],[0,0]],"v":[[-0.25,-0.25],[-10.25,-0.25],[-10.25,-10.25],[-0.25,-10.25]],"c":true}]},{"t":85}],"ix":2},"nm":"Ã¨Â·Â¯Ã¥Â¾Â 1","mn":"ADBE Vector Shape - Group","hd":false},{"ty":"fl","c":{"a":0,"k":[0.211999990426,0.234999997008,0.250999989229,1],"ix":4},"o":{"a":0,"k":100,"ix":5},"r":1,"nm":"Ã¥Â¡Â«Ã¥ÂÂ 1","mn":"ADBE Vector Graphic - Fill","hd":false},{"ty":"tr","p":{"a":0,"k":[5.25,5.25],"ix":2},"a":{"a":0,"k":[0,0],"ix":1},"s":{"a":0,"k":[100,100],"ix":3},"r":{"a":0,"k":0,"ix":6},"o":{"a":0,"k":100,"ix":7},"sk":{"a":0,"k":0,"ix":4},"sa":{"a":0,"k":0,"ix":5},"nm":"Ã¥ÂÂÃ¦ÂÂ¢"}],"nm":"Ã§Â»Â 1","np":2,"cix":2,"ix":1,"mn":"ADBE Vector Group","hd":false}],"ip":0,"op":106,"st":0,"bm":0},{"ddd":0,"ind":4,"ty":4,"nm":"2","sr":1,"ks":{"o":{"a":0,"k":100,"ix":11},"r":{"a":1,"k":[{"i":{"x":[0],"y":[1]},"o":{"x":[1],"y":[0]},"n":["0_1_1_0"],"t":12,"s":[19],"e":[-19]},{"i":{"x":[0],"y":[1]},"o":{"x":[1],"y":[0]},"n":["0_1_1_0"],"t":14,"s":[-19],"e":[-19]},{"i":{"x":[0],"y":[1]},"o":{"x":[1],"y":[0]},"n":["0_1_1_0"],"t":38,"s":[-19],"e":[19]},{"i":{"x":[0],"y":[1]},"o":{"x":[1],"y":[0]},"n":["0_1_1_0"],"t":40,"s":[19],"e":[19]},{"i":{"x":[0],"y":[1]},"o":{"x":[1],"y":[0]},"n":["0_1_1_0"],"t":64,"s":[19],"e":[-19]},{"i":{"x":[0],"y":[1]},"o":{"x":[1],"y":[0]},"n":["0_1_1_0"],"t":66,"s":[-19],"e":[-19]},{"i":{"x":[0],"y":[1]},"o":{"x":[1],"y":[0]},"n":["0_1_1_0"],"t":89,"s":[-19],"e":[19]},{"t":91}],"ix":10},"p":{"a":0,"k":[100,91,0],"ix":2},"a":{"a":0,"k":[34,2,0],"ix":1},"s":{"a":0,"k":[100,100,100],"ix":6}},"ao":0,"shapes":[{"ty":"gr","it":[{"ind":0,"ty":"sh","ix":1,"ks":{"a":1,"k":[{"i":{"x":0.833,"y":0.833},"o":{"x":0.167,"y":0.167},"n":"0p833_0p833_0p167_0p167","t":14,"s":[{"i":[[0,0],[-2.125,0],[0,0]],"o":[[0,0],[2.125,0],[0,0]],"v":[[2,2],[34,2],[66,2]],"c":false}],"e":[{"i":[[0,0],[-10.667,0],[-6.943,0.563]],"o":[[9.958,0],[10.837,-0.565],[0,0]],"v":[[2,2],[34.079,1.961],[66.535,-0.129]],"c":false}]},{"i":{"x":0.833,"y":0.833},"o":{"x":0.167,"y":0.167},"n":"0p833_0p833_0p167_0p167","t":18,"s":[{"i":[[0,0],[-10.667,0],[-6.943,0.563]],"o":[[9.958,0],[10.837,-0.565],[0,0]],"v":[[2,2],[34.079,1.961],[66.535,-0.129]],"c":false}],"e":[{"i":[[0,0],[-7.108,0],[-4.331,-0.228]],"o":[[5.809,0],[7.207,-0.33],[0,0]],"v":[[2,2],[34.046,1.977],[65.58,2.952]],"c":false}]},{"i":{"x":0.833,"y":0.833},"o":{"x":0.167,"y":0.167},"n":"0p833_0p833_0p167_0p167","t":21,"s":[{"i":[[0,0],[-7.108,0],[-4.331,-0.228]],"o":[[5.809,0],[7.207,-0.33],[0,0]],"v":[[2,2],[34.046,1.977],[65.58,2.952]],"c":false}],"e":[{"i":[[0,0],[-2.125,0],[0,0]],"o":[[0,0],[2.125,0],[0,0]],"v":[[2,2],[34,2],[66,2]],"c":false}]},{"i":{"x":0.833,"y":0.833},"o":{"x":0.167,"y":0.167},"n":"0p833_0p833_0p167_0p167","t":25,"s":[{"i":[[0,0],[-2.125,0],[0,0]],"o":[[0,0],[2.125,0],[0,0]],"v":[[2,2],[34,2],[66,2]],"c":false}],"e":[{"i":[[0,0],[-2.125,0],[0,0]],"o":[[0,0],[2.125,0],[0,0]],"v":[[2,2],[34,2],[66,2]],"c":false}]},{"i":{"x":0.833,"y":0.833},"o":{"x":0.167,"y":0.167},"n":"0p833_0p833_0p167_0p167","t":39,"s":[{"i":[[0,0],[-2.125,0],[0,0]],"o":[[0,0],[2.125,0],[0,0]],"v":[[2,2],[34,2],[66,2]],"c":false}],"e":[{"i":[[0,0],[0,0],[0,0]],"o":[[0,0],[0,0],[0,0]],"v":[[1.822,-0.054],[34,2],[66,2]],"c":false}]},{"i":{"x":0.833,"y":0.833},"o":{"x":0.167,"y":0.167},"n":"0p833_0p833_0p167_0p167","t":43,"s":[{"i":[[0,0],[0,0],[0,0]],"o":[[0,0],[0,0],[0,0]],"v":[[1.822,-0.054],[34,2],[66,2]],"c":false}],"e":[{"i":[[0,0],[-0.29,0],[0,0]],"o":[[0,0],[0.29,0],[0,0]],"v":[[2.516,3.169],[34,2],[66,2]],"c":false}]},{"i":{"x":0.833,"y":0.833},"o":{"x":0.167,"y":0.167},"n":"0p833_0p833_0p167_0p167","t":46,"s":[{"i":[[0,0],[-0.29,0],[0,0]],"o":[[0,0],[0.29,0],[0,0]],"v":[[2.516,3.169],[34,2],[66,2]],"c":false}],"e":[{"i":[[0,0],[-2.125,0],[0,0]],"o":[[0,0],[2.125,0],[0,0]],"v":[[2,2],[34,2],[66,2]],"c":false}]},{"i":{"x":0.833,"y":0.833},"o":{"x":0.167,"y":0.167},"n":"0p833_0p833_0p167_0p167","t":50,"s":[{"i":[[0,0],[-2.125,0],[0,0]],"o":[[0,0],[2.125,0],[0,0]],"v":[[2,2],[34,2],[66,2]],"c":false}],"e":[{"i":[[0,0],[-2.125,0],[0,0]],"o":[[0,0],[2.125,0],[0,0]],"v":[[2,2],[34,2],[66,2]],"c":false}]},{"i":{"x":0.833,"y":0.833},"o":{"x":0.167,"y":0.167},"n":"0p833_0p833_0p167_0p167","t":65,"s":[{"i":[[0,0],[-2.125,0],[0,0]],"o":[[0,0],[2.125,0],[0,0]],"v":[[2,2],[34,2],[66,2]],"c":false}],"e":[{"i":[[0,0],[-10.667,0],[-6.943,0.563]],"o":[[9.958,0],[10.837,-0.565],[0,0]],"v":[[2,2],[34.079,1.961],[66.535,-0.129]],"c":false}]},{"i":{"x":0.833,"y":0.833},"o":{"x":0.167,"y":0.167},"n":"0p833_0p833_0p167_0p167","t":69,"s":[{"i":[[0,0],[-10.667,0],[-6.943,0.563]],"o":[[9.958,0],[10.837,-0.565],[0,0]],"v":[[2,2],[34.079,1.961],[66.535,-0.129]],"c":false}],"e":[{"i":[[0,0],[-7.108,0],[-4.331,-0.228]],"o":[[5.809,0],[7.207,-0.33],[0,0]],"v":[[2,2],[34.046,1.977],[65.58,2.952]],"c":false}]},{"i":{"x":0.833,"y":0.833},"o":{"x":0.167,"y":0.167},"n":"0p833_0p833_0p167_0p167","t":72,"s":[{"i":[[0,0],[-7.108,0],[-4.331,-0.228]],"o":[[5.809,0],[7.207,-0.33],[0,0]],"v":[[2,2],[34.046,1.977],[65.58,2.952]],"c":false}],"e":[{"i":[[0,0],[-2.125,0],[0,0]],"o":[[0,0],[2.125,0],[0,0]],"v":[[2,2],[34,2],[66,2]],"c":false}]},{"i":{"x":0.833,"y":0.833},"o":{"x":0.167,"y":0.167},"n":"0p833_0p833_0p167_0p167","t":76,"s":[{"i":[[0,0],[-2.125,0],[0,0]],"o":[[0,0],[2.125,0],[0,0]],"v":[[2,2],[34,2],[66,2]],"c":false}],"e":[{"i":[[0,0],[-2.125,0],[0,0]],"o":[[0,0],[2.125,0],[0,0]],"v":[[2,2],[34,2],[66,2]],"c":false}]},{"i":{"x":0.833,"y":0.833},"o":{"x":0.167,"y":0.167},"n":"0p833_0p833_0p167_0p167","t":90,"s":[{"i":[[0,0],[-2.125,0],[0,0]],"o":[[0,0],[2.125,0],[0,0]],"v":[[2,2],[34,2],[66,2]],"c":false}],"e":[{"i":[[0,0],[0,0],[0,0]],"o":[[0,0],[0,0],[0,0]],"v":[[1.822,-0.054],[34,2],[66,2]],"c":false}]},{"i":{"x":0.833,"y":0.833},"o":{"x":0.167,"y":0.167},"n":"0p833_0p833_0p167_0p167","t":94,"s":[{"i":[[0,0],[0,0],[0,0]],"o":[[0,0],[0,0],[0,0]],"v":[[1.822,-0.054],[34,2],[66,2]],"c":false}],"e":[{"i":[[0,0],[-0.29,0],[0,0]],"o":[[0,0],[0.29,0],[0,0]],"v":[[2.516,3.169],[34,2],[66,2]],"c":false}]},{"i":{"x":0.833,"y":0.833},"o":{"x":0.167,"y":0.167},"n":"0p833_0p833_0p167_0p167","t":97,"s":[{"i":[[0,0],[-0.29,0],[0,0]],"o":[[0,0],[0.29,0],[0,0]],"v":[[2.516,3.169],[34,2],[66,2]],"c":false}],"e":[{"i":[[0,0],[-2.125,0],[0,0]],"o":[[0,0],[2.125,0],[0,0]],"v":[[2,2],[34,2],[66,2]],"c":false}]},{"t":101}],"ix":2},"nm":"Ã¨Â·Â¯Ã¥Â¾Â 1","mn":"ADBE Vector Shape - Group","hd":false},{"ty":"st","c":{"a":0,"k":[0.211999990426,0.234999997008,0.250999989229,1],"ix":3},"o":{"a":0,"k":100,"ix":4},"w":{"a":0,"k":4,"ix":5},"lc":1,"lj":1,"ml":10,"ml2":{"a":0,"k":10,"ix":8},"nm":"Ã¦ÂÂÃ¨Â¾Â¹ 1","mn":"ADBE Vector Graphic - Stroke","hd":false},{"ty":"tr","p":{"a":0,"k":[0,0],"ix":2},"a":{"a":0,"k":[0,0],"ix":1},"s":{"a":0,"k":[100,100],"ix":3},"r":{"a":0,"k":0,"ix":6},"o":{"a":0,"k":100,"ix":7},"sk":{"a":0,"k":0,"ix":4},"sa":{"a":0,"k":0,"ix":5},"nm":"Ã¥ÂÂÃ¦ÂÂ¢"}],"nm":"Ã§Â»Â 1","np":2,"cix":2,"ix":1,"mn":"ADBE Vector Group","hd":false}],"ip":0,"op":106,"st":0,"bm":0},{"ddd":0,"ind":5,"ty":4,"nm":"1","sr":1,"ks":{"o":{"a":0,"k":100,"ix":11},"r":{"a":0,"k":0,"ix":10},"p":{"a":0,"k":[100,97.465,0],"ix":2},"a":{"a":0,"k":[7.407,5.785,0],"ix":1},"s":{"a":0,"k":[100,100,100],"ix":6}},"ao":0,"shapes":[{"ty":"gr","it":[{"ind":0,"ty":"sh","ix":1,"ks":{"a":0,"k":{"i":[[0.562,-0.843],[0,0],[-1.134,0],[0,0],[0.63,0.944],[0,0]],"o":[[0,0],[-0.629,0.944],[0,0],[1.135,0],[0,0],[-0.562,-0.843]],"v":[[-1.182,-4.693],[-6.528,3.326],[-5.346,5.535],[5.346,5.535],[6.527,3.326],[1.182,-4.693]],"c":true},"ix":2},"nm":"Ã¨Â·Â¯Ã¥Â¾Â 1","mn":"ADBE Vector Shape - Group","hd":false},{"ty":"fl","c":{"a":0,"k":[0.211999990426,0.234999997008,0.250999989229,1],"ix":4},"o":{"a":0,"k":100,"ix":5},"r":1,"nm":"Ã¥Â¡Â«Ã¥ÂÂ 1","mn":"ADBE Vector Graphic - Fill","hd":false},{"ty":"tr","p":{"a":0,"k":[7.407,5.786],"ix":2},"a":{"a":0,"k":[0,0],"ix":1},"s":{"a":0,"k":[100,100],"ix":3},"r":{"a":0,"k":0,"ix":6},"o":{"a":0,"k":100,"ix":7},"sk":{"a":0,"k":0,"ix":4},"sa":{"a":0,"k":0,"ix":5},"nm":"Ã¥ÂÂÃ¦ÂÂ¢"}],"nm":"Ã§Â»Â 1","np":2,"cix":2,"ix":1,"mn":"ADBE Vector Group","hd":false}],"ip":0,"op":106,"st":0,"bm":0}],"markers":[]}